{
  "project_info": {
    "project_number": "888487916924",
    "firebase_url": "https://examcode-5c92c.firebaseio.com",
    "project_id": "examcode-5c92c",
    "storage_bucket": "examcode-5c92c.appspot.com"
  },
  "client": [
    {
      "client_info": {
        "mobilesdk_app_id": "1:888487916924:android:5afeeca739dd62bc",
        "android_client_info": {
          "package_name": "com.example.macstudent.exam"
        }
      },
      "oauth_client": [
        {
          "client_id": "888487916924-8dqhf48c2ubj67v9grl55sjmao8vrd68.apps.googleusercontent.com",
          "client_type": 3
        }
      ],
      "api_key": [
        {
          "current_key": "AIzaSyCJBrL-IV5IrUvAmm_BYzGI799fi8Z6ThU"
        }
      ],
      "services": {
        "analytics_service": {
          "status": 1
        },
        "appinvite_service": {
          "status": 1,
          "other_platform_oauth_client": []
        },
        "ads_service": {
          "status": 2
        }
      }
    }
  ],
  "configuration_version": "1"
}