{
  "project_info": {
    "project_number": "472977867005",
    "firebase_url": "https://newfirebase-2e531.firebaseio.com",
    "project_id": "newfirebase-2e531",
    "storage_bucket": "newfirebase-2e531.appspot.com"
  },
  "client": [
    {
      "client_info": {
        "mobilesdk_app_id": "1:472977867005:android:ec8d6bba75315381",
        "android_client_info": {
          "package_name": "com.example.macstudent.firebaseapp"
        }
      },
      "oauth_client": [
        {
          "client_id": "472977867005-pg874gd7chh2b2slab5en7ifjo7omd28.apps.googleusercontent.com",
          "client_type": 3
        }
      ],
      "api_key": [
        {
          "current_key": "AIzaSyC4xvv9d1Unjk8i2Gkwo9g6EWzcoeR2YzA"
        }
      ],
      "services": {
        "analytics_service": {
          "status": 1
        },
        "appinvite_service": {
          "status": 1,
          "other_platform_oauth_client": []
        },
        "ads_service": {
          "status": 2
        }
      }
    }
  ],
  "configuration_version": "1"
}